{"id":21,"records":{"5":{"links":null,"scripts":null,"id":5,"name":"Estructura","html":"samples\/project-5\/index.html","css":"samples\/project-5\/styles.css","js":"samples\/project-5\/script.js"},"6":{"links":null,"scripts":null,"id":6,"name":"Cbeceras","html":"samples\/project-6\/index.html","css":"samples\/project-6\/styles.css","js":"samples\/project-6\/script.js"},"7":{"links":null,"scripts":null,"id":7,"name":"Enlaces 1","html":"samples\/project-7\/index.html","css":"samples\/project-7\/styles.css","js":"samples\/project-7\/script.js"},"8":{"links":null,"scripts":null,"id":8,"name":"P\u00e1rrafos","html":"samples\/project-8\/index.html","css":"samples\/project-8\/styles.css","js":"samples\/project-8\/script.js"},"9":{"links":null,"scripts":null,"id":9,"name":"Im\u00e1genes 1","html":"samples\/project-9\/index.html","css":"samples\/project-9\/styles.css","js":"samples\/project-9\/script.js"},"10":{"links":null,"scripts":null,"id":10,"name":"Separadores","html":"samples\/project-10\/index.html","css":"samples\/project-10\/styles.css","js":"samples\/project-10\/script.js"},"11":{"links":null,"scripts":null,"id":11,"name":"Salto de l\u00ednea","html":"samples\/project-11\/index.html","css":"samples\/project-11\/styles.css","js":"samples\/project-11\/script.js"},"12":{"links":null,"scripts":null,"id":12,"name":"Espacios","html":"samples\/project-12\/index.html","css":"samples\/project-12\/styles.css","js":"samples\/project-12\/script.js"},"13":{"links":null,"scripts":null,"id":13,"name":"Texto preformateado","html":"samples\/project-13\/index.html","css":"samples\/project-13\/styles.css","js":"samples\/project-13\/script.js"},"14":{"links":null,"scripts":null,"id":14,"name":"Estilos","html":"samples\/project-14\/index.html","css":"samples\/project-14\/styles.css","js":"samples\/project-14\/script.js"},"15":{"links":null,"scripts":null,"id":15,"name":"Formato texto","html":"samples\/project-15\/index.html","css":"samples\/project-15\/styles.css","js":"samples\/project-15\/script.js"},"16":{"links":null,"scripts":null,"id":16,"name":"Citas","html":"samples\/project-16\/index.html","css":"samples\/project-16\/styles.css","js":"samples\/project-16\/script.js"},"17":{"links":null,"scripts":null,"id":17,"name":"C\u00f3digo","html":"samples\/project-17\/index.html","css":"samples\/project-17\/styles.css","js":"samples\/project-17\/script.js"},"18":{"links":null,"scripts":null,"id":18,"name":"Comentarios","html":"samples\/project-18\/index.html","css":"samples\/project-18\/styles.css","js":"samples\/project-18\/script.js"},"19":{"links":null,"scripts":null,"id":19,"name":"Colores","html":"samples\/project-19\/index.html","css":"samples\/project-19\/styles.css","js":"samples\/project-19\/script.js"},"20":{"links":null,"scripts":null,"id":20,"name":"CSS","html":"samples\/project-20\/index.html","css":"samples\/project-20\/styles.css","js":"samples\/project-20\/script.js"},"21":{"links":null,"scripts":null,"id":21,"name":"Enlaces 2","html":"samples\/project-21\/index.html","css":"samples\/project-21\/styles.css","js":"samples\/project-21\/script.js"},"22":{"links":null,"scripts":null,"id":22,"name":"Im\u00e1genes 2","html":"samples\/project-22\/index.html","css":"samples\/project-22\/styles.css","js":"samples\/project-22\/script.js"}}}